<assembly xmlns="http://maven.apache.org/plugins/maven-assembly-plugin/assembly/1.1.2" 
  xmlns:xsi="http://www.w3.org/2001/XMLSchema-instance"
  xsi:schemaLocation="http://maven.apache.org/plugins/maven-assembly-plugin/assembly/1.1.2 http://maven.apache.org/xsd/assembly-1.1.2.xsd">
	<id>project</id>
	<formats>
		<format>zip</format>
	</formats>

	<dependencySets>
		<dependencySet>
			<!-- Project artifact is not copied under library directory since it is 
				added to the root directory of the zip package. -->
			<useProjectArtifact>true</useProjectArtifact>
			<outputDirectory>libs</outputDirectory>
			<unpack>false</unpack>
		</dependencySet>
	</dependencySets>
	
	<fileSets>
		<fileSet>
			<directory>${project.basedir}</directory>
			<outputDirectory>/</outputDirectory>
			<useDefaultExcludes>true</useDefaultExcludes>
			<excludes>
				<exclude>**/*.log</exclude>
				<exclude>**/${project.build.directory}/**</exclude>
				<exclude>.*</exclude>
				<exclude>.settings/</exclude>
				<exclude>DefaultHome\DefaultUpload\*</exclude>
			</excludes>
		</fileSet>

		<fileSet>
			<directory>${project.build.scriptSourceDirectory}</directory>
			<outputDirectory>/</outputDirectory>
			<includes>
				<include>*.bat</include>
				<include>*.sh</include>
			</includes>
		</fileSet>

		<fileSet>
			<directory>${basedir}/src/main/config</directory>
			<outputDirectory>conf</outputDirectory>
			<includes>
				<include>*</include>
			</includes>
		</fileSet>

		<fileSet>
			<directory>${project.basedir}</directory>
			<outputDirectory>/</outputDirectory>
			<includes>
				<include>README*</include>
				<include>LICENSE*</include>
				<include>NOTICE*</include>
			</includes>
		</fileSet>

		<fileSet>
			<directory>${project.build.directory}</directory>
			<outputDirectory>/</outputDirectory>
			<includes>
				<include>*.jar</include>
			</includes>
		</fileSet>
<!-- 		<fileSet> -->
<!--             <directory>${basedir}/root</directory> -->
<!--             <outputDirectory>root</outputDirectory> -->
<!--             <includes> -->
<!--                 <include>**/*</include> -->
<!--             </includes> -->
<!--         </fileSet> -->
<!-- 		<fileSet> -->
<!-- 			<directory>${project.build.directory}/site</directory> -->
<!-- 			<outputDirectory>docs</outputDirectory> -->
<!-- 			<includes> -->
<!-- 			<include>*</include> -->
<!-- 			</includes> -->
<!-- 		</fileSet> -->
	</fileSets>
</assembly>
